MSB_ID,subspecies,sex,age,letter,date_subcultured,colony_decription,contig_morphotype,molecular,Tentative ID,Tentative_ID_short,family,order
56348,Antigone canadensis canadensis,m,a,A,19-Jan,dark browning gray hyphae with large filamentous translucent white margin,1,Genewiz seq,Alternaria sp. 1 (alternata),Alternaria sp. 1 ,Pleosporaceae,Pleosporales
56349,Antigone canadensis canadensis,m,a,A,19-Jan,dark brown hyphae with white margin slow growing,1,Genewiz seq,Alternaria sp. 1 (alternata),Alternaria sp. 1 ,Pleosporaceae,Pleosporales
56380,Antigone canadensis tabida,m,i,C,19-Jan,dark brown gray hyphae slower growing,1,MBF seq,Alternaria sp. 1 (alternata),Alternaria sp. 1 ,Pleosporaceae,Pleosporales
56389,Antigone canadensis tabida,f,i,A,21-Jan,short strong yellow hyphae with white margin slow growing,1,Genewiz seq,Alternaria sp. 1 (alternata),Alternaria sp. 1 ,Pleosporaceae,Pleosporales
56402,Antigone canadensis tabida,m,a,A,19-Jan,light brown gray short hyphae white margin slow growing,1,Genewiz seq,Alternaria sp. 1 (alternata),Alternaria sp. 1 ,Pleosporaceae,Pleosporales
56419,Antigone canadensis tabida,m,i,B,19-Jan,light yellow hyphae slow growing,1,MBF seq,Alternaria sp. 1 (alternata),Alternaria sp. 1 ,Pleosporaceae,Pleosporales
56423,Antigone canadensis tabida,m,i,A,19-Jan,dark grey-black hypahe with white margin,1,Genewiz seq,Alternaria sp. 1 (alternata),Alternaria sp. 1 ,Pleosporaceae,Pleosporales
56427,Antigone canadensis tabida,m,i,A,18-Jan,dark slow growing hyphae,1,Genewiz seq,Alternaria sp. 1 (alternata),Alternaria sp. 1 ,Pleosporaceae,Pleosporales
56436,Antigone canadensis tabida,f,a,B,18-Jan,gray-green hyphae slow growing gray-white fuzz,1,Genewiz seq,Alternaria sp. 1 (alternata),Alternaria sp. 1 ,Pleosporaceae,Pleosporales
56452,Antigone canadensis canadensis,f,a,A,21-Jan,short white gray hyphae slow growing,1,Genewiz seq,Alternaria sp. 1 (alternata),Alternaria sp. 1 ,Pleosporaceae,Pleosporales
56455,Antigone canadensis tabida,f,a,D,21-Jan,dark green goey short hyphae slow growing,1,MBF seq,Alternaria sp. 1 (alternata),Alternaria sp. 1 ,Pleosporaceae,Pleosporales
56455,Antigone canadensis tabida,f,a,B,18-Jan,brown hyphae,1,MBF seq,Alternaria sp. 1 (alternata),Alternaria sp. 1 ,Pleosporaceae,Pleosporales
56459,Antigone canadensis tabida,f,a,C,19-Jan,dark grey-brown short hyphae slow growing,1,MBF seq,Alternaria sp. 1 (alternata),Alternaria sp. 1 ,Pleosporaceae,Pleosporales
56477,Antigone canadensis tabida,f,a,B,19-Jan,dark brownish green with faint white hyphae at margin,1,Genewiz seq,Alternaria sp. 1 (alternata),Alternaria sp. 1 ,Pleosporaceae,Pleosporales
56438,Antigone canadensis tabida,f,a,A,21-Jan,darker greenish-gray short hyphae slow-growing,28,MBF seq,Alternaria sp. 2 (malorum),Alternaria sp. 2 ,Pleosporaceae,Pleosporales
56334,Antigone canadensis tabida,m,a,A,19-Jan,white-yellow hyphae with brown spores slow growing,15,,Aspergillus niger,Aspergillus sp. 1,Trichocomaceae,Eurotiales
56336,Antigone canadensis tabida,m,a,B,19-Jan,"short white hyphae with black spores, black media",15,MBF seq,Aspergillus niger,Aspergillus sp. 1,Trichocomaceae,Eurotiales
56344,Antigone canadensis tabida,m,a,C,21-Jan,short white yellow hyphae with brown black sporess,15,MBF seq,Aspergillus niger,Aspergillus sp. 1,Trichocomaceae,Eurotiales
56344,Antigone canadensis tabida,m,a,B,21-Jan,short white yellow hyphae with brown black sporess,15,,Aspergillus niger,Aspergillus sp. 1,Trichocomaceae,Eurotiales
56357,Antigone canadensis tabida,f,a,C,19-Jan,"short white hyphae with black spores, black media",15,,Aspergillus niger,Aspergillus sp. 1,Trichocomaceae,Eurotiales
56399,Antigone canadensis tabida,m,a,B,21-Jan,short yellowish white hyphae with black-brown spores slow growing,15,,Aspergillus niger,Aspergillus sp. 1,Trichocomaceae,Eurotiales
56424,Antigone canadensis canadensis,,,D,19-Jan,yellowish-white hyphae with brownish-black spores,15,MBF seq,Aspergillus niger,Aspergillus sp. 1,Trichocomaceae,Eurotiales
56424,Antigone canadensis canadensis,,,A,18-Jan,yellowish-white hyphae with brownish-black spores,15,MBF seq,Aspergillus niger,Aspergillus sp. 1,Trichocomaceae,Eurotiales
56424,Antigone canadensis canadensis,,,C,19-Jan,yellowish-white hyphae with brownish-black spores,15,,Aspergillus niger,Aspergillus sp. 1,Trichocomaceae,Eurotiales
56424,Antigone canadensis canadensis,,,B,18-Jan,yellowish-white hyphae with brownish-black spores,15,,Aspergillus niger,Aspergillus sp. 1,Trichocomaceae,Eurotiales
56341,Antigone canadensis tabida,f,a,D,21-Jan,short white hyphae slow growing with cream yellow spores,26,MBF seq,Aspergillus sp. 2 (ochraceus),Aspergillus sp. 2 ,Trichocomaceae,Eurotiales
56344,Antigone canadensis tabida,m,a,D,25-Jan,short white hyphae slow growing with light yellow spores,26,MBF seq,Aspergillus sp. 2 (ochraceus),Aspergillus sp. 2 ,Trichocomaceae,Eurotiales
56440,Antigone canadensis tabida,f,a,E,18-Jan,"white short hyphae with crem-yellow spores, slower growing",26,MBF seq,Aspergillus sp. 2 (ochraceus),Aspergillus sp. 2 ,Trichocomaceae,Eurotiales
56345,Antigone canadensis tabida,f,a,A,21-Jan,short white slow growing fuzz,22,MBF seq,Aspergillus sp. 3 (fumigatiaffinis/novofumigatus),Aspergillus sp. 3 ,Trichocomaceae,Eurotiales
56464,Antigone canadensis tabida,m,a,B,21-Jan,short white slow growing fuzz,22,MBF seq,Aspergillus sp. 3 (fumigatiaffinis/novofumigatus),Aspergillus sp. 3,Trichocomaceae,Eurotiales
56394,Antigone canadensis tabida,m,a,C,21-Jan,"short yellow white hyphae slow growing, aged pink",36,MBF seq,Aspergillus sp. 4 (niveus),Aspergillus sp. 4,Trichocomaceae,Eurotiales
56341,Antigone canadensis tabida,f,a,C,21-Jan,brown with yellow spores radiating pattern,38,MBF seq,Aspergillus sp. 5 (nidulans),Aspergillus sp. 5 ,Trichocomaceae,Eurotiales
56331,Antigone canadensis tabida,m,a,C,2-Feb,white with many brown spores,33,MBF seq,Aspergillus sp. 6 (terreus),Aspergillus sp. 6 ,Trichocomaceae,Eurotiales
56331,Antigone canadensis tabida,m,a,B,21-Jan,short white slow growing fuzz,33,MBF seq,Aspergillus sp. 6 (terreus),Aspergillus sp. 6 ,Trichocomaceae,Eurotiales
56331,Antigone canadensis tabida,m,a,A,21-Jan,short white slow growing fuzz with brown-cream spores,33,MBF seq,Aspergillus sp. 6 (terreus),Aspergillus sp. 6 ,Trichocomaceae,Eurotiales
56332,Antigone canadensis tabida,m,a,C,21-Jan,short white slow growing fuzz with brown-cream spores,33,,Aspergillus sp. 6 (terreus),Aspergillus sp. 6 ,Trichocomaceae,Eurotiales
56340,Antigone canadensis canadensis,m,first_winter,C,21-Jan,tan slow growing hyphae,41,MBF seq,Aspergillus sp. 7 (flocculosus),Aspergillus sp. 7 ,Trichocomaceae,Eurotiales
56456,Antigone canadensis tabida,,a,A,19-Jan,pink cream slime outside of sample with dark filaments,12,Genewiz seq,Aureobasidium melanogenum,Aureobasidium sp.,Dothioraceae,Dothideales
56405,Antigone canadensis tabida,f,a,B,25-Jan,pink cream yeast,12,,Aureobasidium sp.,Aureobasidium sp.,Dothioraceae,Dothideales
56451,Antigone canadensis tabida,m,a,A,21-Jan,whitish-pink cream slime,12,MBF seq,Aureobasidium sp.,Aureobasidium sp.,Dothioraceae,Dothideales
56347,Antigone canadensis canadensis,m,a,B,25-Jan,white fluffy soft hyphae,16,,Beauveria bassiana,Beauveria bassiana,Cordycipitaceae,Hypocreales
56347,Antigone canadensis canadensis,m,a,A,19-Jan,white hyphae,16,MBF seq,Beauveria bassiana,Beauveria bassiana,Cordycipitaceae,Hypocreales
56407,Antigone canadensis canadensis,m,a,B,25-Jan,white fluffy soft hyphae,16,MBF seq,Beauveria bassiana,Beauveria bassiana,Cordycipitaceae,Hypocreales
56425,Antigone canadensis tabida,f,a,B,25-Jan,white fluffy soft hyphae,16,MBF seq,Beauveria bassiana,Beauveria bassiana,Cordycipitaceae,Hypocreales
56461,Antigone canadensis tabida,m,a,D,25-Jan,white fluffy soft hyphae,16,,Beauveria bassiana,Beauveria bassiana,Cordycipitaceae,Hypocreales
56441,Antigone canadensis tabida,m,i,B,18-Jan,short white slow growing fuzz,35,MBF seq,Chaetomiaceae sp.,Chaetomiaceae sp.,Chaetomiaceae,Sordariales
56370,Antigone canadensis tabida,m,a,A,19-Jan,brownish green short hyphae gray margins,24,MBF seq,Chaetomium globosum,Chaetomium globosum,Chaetomiaceae,Sordariales
56340,Antigone canadensis canadensis,m,first_winter,B,21-Jan,dark brown gray hyphae slower growing,11,,Cladosporium sp.,Cladosporium sp. 1,Davidiellaceae,Capnodiales
56348,Antigone canadensis canadensis,m,a,B,19-Jan,dark brown gray hyphae slower growing,11,,Cladosporium sp.,Cladosporium sp. 1,Davidiellaceae,Capnodiales
56348,Antigone canadensis canadensis,m,a,C,19-Jan,dark brown gray hyphae slower growing,11,,Cladosporium sp.,Cladosporium sp. 1,Davidiellaceae,Capnodiales
56359,Antigone canadensis tabida,f,a,A,21-Jan,white pink hyphae slow growing,11,,Cladosporium sp.,Cladosporium sp. 1,Davidiellaceae,Capnodiales
56366,Antigone canadensis tabida,m,i,B,18-Jan,dark brown gray hyphae slower growing,11,,Cladosporium sp.,Cladosporium sp. 1,Davidiellaceae,Capnodiales
56368,Antigone canadensis tabida,m,a,A,25-Jan,grey long hyphae,11,MBF seq,Cladosporium sp.,Cladosporium sp. 1,Davidiellaceae,Capnodiales
56369,Antigone canadensis tabida,f,a,B,21-Jan,dark brown with white hyphae,11,MBF seq,Cladosporium sp.,Cladosporium sp. 1,Davidiellaceae,Capnodiales
56373,Antigone canadensis canadensis,m,a,A,18-Jan,dark brown gray hyphae slower growing,11,,Cladosporium sp.,Cladosporium sp. 1,Davidiellaceae,Capnodiales
56432,Antigone canadensis tabida,f,i,B,25-Jan,dark brown gray hyphae slower growing grey aerial hyphae in the middle,11,MBF seq,Cladosporium sp.,Cladosporium sp. 1,Davidiellaceae,Capnodiales
56440,Antigone canadensis tabida,f,a,A,18-Jan,dark brown gray hyphae slower growing,11,,Cladosporium sp.,Cladosporium sp. 1,Davidiellaceae,Capnodiales
56440,Antigone canadensis tabida,f,a,B,18-Jan,brown gray short slow-growing fuzz with little color change at margins,11,,Cladosporium sp.,Cladosporium sp. 1,Davidiellaceae,Capnodiales
56441,Antigone canadensis tabida,m,i,D,19-Jan,dark brown gray hyphae slower growing,11,,Cladosporium sp.,Cladosporium sp. 1,Davidiellaceae,Capnodiales
56441,Antigone canadensis tabida,m,i,A,18-Jan,lighter brown hyphae slower growing,11,MBF seq,Cladosporium sp.,Cladosporium sp. 1,Davidiellaceae,Capnodiales
56445,Antigone canadensis tabida,f,i,A,25-Jan,dark brown gray hyphae slower growing,11,,Cladosporium sp.,Cladosporium sp. 1,Davidiellaceae,Capnodiales
56446,Antigone canadensis tabida,,i,B,21-Jan,dark brown gray hyphae slower growing,11,MBF seq,Cladosporium sp.,Cladosporium sp. 1,Davidiellaceae,Capnodiales
56372,Antigone canadensis canadensis,m,a,A,19-Jan,dark brown gray short hyphae slow growing,11,MBF seq,Cladosporium sp. 1,Cladosporium sp. 1,Davidiellaceae,Capnodiales
56390,Antigone canadensis canadensis,f,i,A,25-Jan,black slow growing,11,MBF seq,Cladosporium sp. 1,Cladosporium sp. 1,Davidiellaceae,Capnodiales
56402,Antigone canadensis tabida,m,a,B,19-Jan,dark brown gray hyphae slower growing,11,MBF seq,Cladosporium sp. 1,Cladosporium sp. 1,Davidiellaceae,Capnodiales
56436,Antigone canadensis tabida,f,a,A,1-Dec,dark brown,11,MBF seq,Cladosporium sp. 1,Cladosporium sp. 1,Davidiellaceae,Capnodiales
56441,Antigone canadensis tabida,m,i,C,18-Jan,dark brown gray hyphae slower growing,11,MBF seq,Cladosporium sp. 1,Cladosporium sp. 1,Davidiellaceae,Capnodiales
56446,Antigone canadensis tabida,,i,A,21-Jan,dark grey brown short hyphae slow growing,11,MBF seq,Cladosporium sp. 1,Cladosporium sp. 1,Davidiellaceae,Capnodiales
56455,Antigone canadensis tabida,f,a,A,18-Jan,dark brown gray hyphae slower growing,11,MBF seq,Cladosporium sp. 1,Cladosporium sp. 1,Davidiellaceae,Capnodiales
56458,Antigone canadensis tabida,,second_year,A,19-Jan,dark brown gray hyphae slower growing,11,,Cladosporium sp. 1,Cladosporium sp. 1,Davidiellaceae,Capnodiales
56459,Antigone canadensis tabida,f,a,A,18-Jan,dark slow growing brown gray,11,MBF seq,Cladosporium sp. 1,Cladosporium sp. 1,Davidiellaceae,Capnodiales
56460,Antigone canadensis tabida,f,i,A,18-Jan,brown gray short hyphae slower growing,11,MBF seq,Cladosporium sp. 1,Cladosporium sp. 1,Davidiellaceae,Capnodiales
56467,Antigone canadensis tabida,m,a,B,19-Jan,dark brown gray hyphae slower growing,11,MBF seq,Cladosporium sp. 1,Cladosporium sp. 1,Davidiellaceae,Capnodiales
56380,Antigone canadensis tabida,m,i,B,19-Jan,dark brown gray hyphae slower growing,11,MBF seq,Cladosporium sp. 1 (cladosporioides),Cladosporium sp. 1,Davidiellaceae,Capnodiales
56406,Antigone canadensis canadensis,m,a,C,25-Jan,dark brown gray hyphae slower growing,11,MBF seq,Cladosporium sp. 1 (cladosporioides),Cladosporium sp. 1,Davidiellaceae,Capnodiales
56451,Antigone canadensis tabida,m,a,B,21-Jan,dark brown gray hyphae slower growing,11,MBF seq,Cladosporium sp. 1 (cladosporioides),Cladosporium sp. 1,Davidiellaceae,Capnodiales
56410,Antigone canadensis tabida,,i,B,19-Jan,dark greenish gray short hyphae slow growing,11,MBF seq,Cladosporium sp. 1 (flocossum),Cladosporium sp. 1,Davidiellaceae,Capnodiales
56463,Antigone canadensis tabida,m,a,A,25-Jan,dark green grey slow growing hyphae,11,Genewiz seq,Cladosporium sp. 1 (perangustum),Cladosporium sp. 1,Davidiellaceae,Capnodiales
56454,Antigone canadensis canadensis,f,a,B,2-Feb,light brown-pink gray short slow growing,11,Genewiz seq,Cladosporium sp. 1 (tenellum),Cladosporium sp. 1,Davidiellaceae,Capnodiales
56373,Antigone canadensis canadensis,m,a,C,19-Jan,gray bumpy hyphae,40,MBF seq,Coniosporium sp.,Coniosporium sp. 1,Chaetothyriaceae ,Chaetothyriales
56373,Antigone canadensis canadensis,m,a,B,18-Jan,long white hyphae with grey spores fast growing,6,MBF seq,Didymellaceae (Coniothyrium/Phoma/Didymella),Didymellaceae sp. 1,Didymellaceae,Pleosporales
56405,Antigone canadensis tabida,f,a,A,19-Jan,short white hyphae on margins of small aspergillus-like colony,6,Genewiz seq,Didymellaceae (Coniothyrium/Phoma/Didymella),Didymellaceae sp. 1,Didymellaceae,Pleosporales
56451,Antigone canadensis tabida,m,a,C,21-Jan,gray with black liquidy dots brown outer ring slow growing,6,MBF seq,Didymellaceae (Coniothyrium/Phoma/Didymella),Didymellaceae sp. 1,Didymellaceae,Pleosporales
56476,Antigone canadensis tabida,m,a,B,19-Jan,short white hyphae slow growing,6,MBF seq,Didymellaceae (Coniothyrium/Phoma/Didymella),Didymellaceae sp. 1,Didymellaceae,Pleosporales
56477,Antigone canadensis tabida,f,a,A,19-Jan,grey green hyphae,6,MBF seq,Didymellaceae (Coniothyrium/Phoma/Didymella),Didymellaceae sp. 1,Didymellaceae,Pleosporales
56369,Antigone canadensis tabida,f,a,A,21-Jan,cream yeast,4,Genewiz seq,Filobasidium sp. (magnum),Filobasidium sp. 1,Filobasidiaceae,Filobasidiales
56396,Antigone canadensis tabida,m,a,B,25-Jan,cream yeast,4,,Filobasidium sp. (magnum),Filobasidium sp. 1,Filobasidiaceae,Filobasidiales
56435,Antigone canadensis tabida,m,i,B,2-Mar,cream yeast,4,,Filobasidium sp. (magnum),Filobasidium sp. 1,Filobasidiaceae,Filobasidiales
56463,Antigone canadensis tabida,m,a,B,25-Jan,cream yeast,4,Genewiz seq,Filobasidium sp. (magnum),Filobasidium sp. 1,Filobasidiaceae,Filobasidiales
56464,Antigone canadensis tabida,m,a,C,25-Jan,cream yeast,4,,Filobasidium sp. (magnum),Filobasidium sp. 1,Filobasidiaceae,Filobasidiales
56472,Antigone canadensis tabida,f,sub_adult,C,19-Jan,white/cream hyphae,4,Genewiz seq,Filobasidium sp. (magnum),Filobasidium sp. 1,Filobasidiaceae,Filobasidiales
56332,Antigone canadensis tabida,m,a,B,21-Jan,short white slow growing fuzz,3,,Fusarium sp. 1,Fusarium sp. 1,Nectriaceae,Hypocreales
56339,Antigone canadensis tabida,m,a,C,21-Jan,short white slow growing fuzz,3,MBF seq,Fusarium sp. 1,Fusarium sp. 1,Nectriaceae,Hypocreales
56339,Antigone canadensis tabida,m,a,A,21-Jan,short white slow growing fuzz,3,,Fusarium sp. 1,Fusarium sp. 1,Nectriaceae,Hypocreales
56339,Antigone canadensis tabida,m,a,B,21-Jan,short white slow growing fuzz,3,,Fusarium sp. 1,Fusarium sp. 1,Nectriaceae,Hypocreales
56340,Antigone canadensis canadensis,m,first_winter,A,21-Jan,white pink hyphae slow growing,3,MBF seq,Fusarium sp. 1,Fusarium sp. 1,Nectriaceae,Hypocreales
56345,Antigone canadensis tabida,f,a,B,21-Jan,short white hyphae,3,,Fusarium sp. 1,Fusarium sp. 1,Nectriaceae,Hypocreales
56358,Antigone canadensis tabida,f,a,B,18-Jan,"white-cream intermediate length fuzz, slow growing",3,Genewiz seq,Fusarium sp. 1,Fusarium sp. 1,Nectriaceae,Hypocreales
56359,Antigone canadensis tabida,f,a,B,21-Jan,short white slow growing fuzz,3,MBF seq,Fusarium sp. 1,Fusarium sp. 1,Nectriaceae,Hypocreales
56360,Antigone canadensis tabida,f,a,B,19-Jan,faint pinkish orange white hyphae slow growing,3,MBF seq,Fusarium sp. 1,Fusarium sp. 1,Nectriaceae,Hypocreales
56360,Antigone canadensis tabida,f,a,A,19-Jan,faint pinkish orange white hyphae slow growing,3,MBF seq,Fusarium sp. 1,Fusarium sp. 1,Nectriaceae,Hypocreales
56363,Antigone canadensis tabida,f,a,A,19-Jan,"orangish-white hyphae slow growing, aged purple",3,MBF seq,Fusarium sp. 1,Fusarium sp. 1,Nectriaceae,Hypocreales
56372,Antigone canadensis canadensis,m,a,B,19-Jan,pinkish orange white hyphae slow growing,3,MBF seq,Fusarium sp. 1,Fusarium sp. 1,Nectriaceae,Hypocreales
56378,Antigone canadensis tabida,m,a,A,19-Jan,orangish-white hyphae,3,MBF seq,Fusarium sp. 1,Fusarium sp. 1,Nectriaceae,Hypocreales
56378,Antigone canadensis tabida,m,a,B,19-Jan,short pink hyphae slow growing,3,MBF seq,Fusarium sp. 1,Fusarium sp. 1,Nectriaceae,Hypocreales
56383,Antigone canadensis tabida,f,a,A,21-Jan,short white slow growing fuzz,3,,Fusarium sp. 1,Fusarium sp. 1,Nectriaceae,Hypocreales
56412,Antigone canadensis tabida,,a,A,21-Jan,white pink hyphae slow growing,3,MBF seq,Fusarium sp. 1,Fusarium sp. 1,Nectriaceae,Hypocreales
56421,Antigone canadensis tabida,f,a,A,19-Jan,"short white hyphae slow growing, aged purple",3,Genewiz seq,Fusarium sp. 1,Fusarium sp. 1,Nectriaceae,Hypocreales
56440,Antigone canadensis tabida,f,a,C,18-Jan,white,3,MBF seq,Fusarium sp. 1,Fusarium sp. 1,Nectriaceae,Hypocreales
56442,Antigone canadensis canadensis,f,a,C,19-Jan,white hyphae,3,Genewiz seq,Fusarium sp. 1,Fusarium sp. 1,Nectriaceae,Hypocreales
56460,Antigone canadensis tabida,f,i,C,18-Jan,short white hyphae slow growing,3,MBF seq,Fusarium sp. 1,Fusarium sp. 1,Nectriaceae,Hypocreales
56475,Antigone canadensis canadensis,m,a,C,21-Jan,short white hyphae slow growing,3,Genewiz seq,Fusarium sp. 1,Fusarium sp. 1,Nectriaceae,Hypocreales
56475,Antigone canadensis canadensis,m,a,B,21-Jan,short white hyphae slow growing,3,,Fusarium sp. 1,Fusarium sp. 1,Nectriaceae,Hypocreales
56478,Antigone canadensis canadensis,m,a,B,19-Jan,grey-white hyphae slow growing,3,,Fusarium sp. 1,Fusarium sp. 1,Nectriaceae,Hypocreales
56332,Antigone canadensis tabida,m,a,A,21-Jan,short white slow growing fuzz,9,MBF seq,Fusarium sp. 2,Fusarium sp. 2,Nectriaceae,Hypocreales
56344,Antigone canadensis tabida,m,a,A,21-Jan,yellow orange white hyphae,9,,Fusarium sp. 2,Fusarium sp. 2,Nectriaceae,Hypocreales
56364,Antigone canadensis tabida,m,i,A,21-Jan,orangish-white hyphae slow growing,9,MBF seq,Fusarium sp. 2,Fusarium sp. 2,Nectriaceae,Hypocreales
56400,Antigone canadensis canadensis,f,a,B,21-Jan,yellow white slow growing,9,MBF seq,Fusarium sp. 2,Fusarium sp. 2,Nectriaceae,Hypocreales
56407,Antigone canadensis canadensis,m,a,D,25-Jan,pink long filamentous to grey,9,,Fusarium sp. 2,Fusarium sp. 2,Nectriaceae,Hypocreales
56413,Antigone canadensis tabida,m,a,B,19-Jan,orange-white hyphae slow growing at margin of penicillium-like colony,9,MBF seq,Fusarium sp. 2,Fusarium sp. 2,Nectriaceae,Hypocreales
56426,Antigone canadensis tabida,m,i,A,19-Jan,pinkish-orange white hyphae slow growing,9,,Fusarium sp. 2,Fusarium sp. 2,Nectriaceae,Hypocreales
56429,Antigone canadensis tabida,f,i,B,21-Jan,filamenotus orange-white hyphae slow growing,9,,Fusarium sp. 2,Fusarium sp. 2,Nectriaceae,Hypocreales
56431,Antigone canadensis tabida,m,a,A,19-Jan,short white hyphae slow growing,9,MBF seq,Fusarium sp. 2,Fusarium sp. 2,Nectriaceae,Hypocreales
56434,Antigone canadensis tabida,,a,A,19-Jan,orangish-white hyphae slow growing,9,,Fusarium sp. 2,Fusarium sp. 2,Nectriaceae,Hypocreales
56434,Antigone canadensis tabida,,a,C,19-Jan,orangish-white hyphae slow growing,9,,Fusarium sp. 2,Fusarium sp. 2,Nectriaceae,Hypocreales
56442,Antigone canadensis canadensis,f,a,B,19-Jan,short white hyphae slow growing,9,Genewiz seq,Fusarium sp. 2,Fusarium sp. 2,Nectriaceae,Hypocreales
56442,Antigone canadensis canadensis,f,a,A,19-Jan,pinkish-white short hyphae slow growing,9,,Fusarium sp. 2,Fusarium sp. 2,Nectriaceae,Hypocreales
56473,Antigone canadensis tabida,m,a,B,21-Jan,filamenotus pink-white hyphae slow growing,9,,Fusarium sp. 2,Fusarium sp. 2,Nectriaceae,Hypocreales
56476,Antigone canadensis tabida,m,a,A,18-Jan,intermediate length white hyphae moderately slow growing,13,MBF seq,Fusarium sp. 3 (equiseti),Fusarium sp. 3 ,Nectriaceae,Hypocreales
56478,Antigone canadensis canadensis,m,a,A,19-Jan,short white with pinkish tinge hyphae slow growing,13,Genewiz seq,Fusarium sp. 3 (equiseti),Fusarium sp. 3 ,Nectriaceae,Hypocreales
56393,Antigone canadensis canadensis,f,a,B,21-Jan,thin white translucent hyphae,34,MBF seq,Lichtheimia corymbifera,Lichtheimia corymbifera,Lichtheimiaceae,Mucorales
56393,Antigone canadensis canadensis,f,a,A,21-Jan,thin white translucent hyphae,42,MBF seq,Lichtheimia ramosa,Lichtheimia ramosa,Lichtheimiaceae,Mucorales
56341,Antigone canadensis tabida,f,a,E,21-Jan,short white slow growing fuzz with brown in middle,20,MBF seq,Meyerozyma guilliermondii,Meyerozyma guilliermondii,Saccharomycetaceae,Saccharomycetales
56359,Antigone canadensis tabida,f,a,C,21-Jan,short white slow growing fuzz,20,MBF seq,Meyerozyma guilliermondii,Meyerozyma guilliermondii,Saccharomycetaceae,Saccharomycetales
56396,Antigone canadensis tabida,m,a,A,21-Jan,white slow growing fuzz,20,MBF seq,Meyerozyma guilliermondii,Meyerozyma guilliermondii,Saccharomycetaceae,Saccharomycetales
56468,Antigone canadensis tabida,m,a,C,21-Jan,whitish cream slime,20,MBF seq,Meyerozyma guilliermondii,Meyerozyma guilliermondii,Saccharomycetaceae,Saccharomycetales
56408,Antigone canadensis canadensis,f,a,A,11-Feb,white with black-blue-brown margin slow growing,14,MBF seq,Microascus cirrosus,Microascus cirrosus,Microascaceae,Microascales
56371,Antigone canadensis tabida,m,i,A,18-Jan,long white hyphae with grey spores fast growing,37,MBF seq,Mucor circinelloides,Mucor circinelloides,Mucoraceae,Mucorales
56430,Antigone canadensis tabida,,i,A,18-Jan,long white hyphae with grey spores fast growing,37,MBF seq,Mucor circinelloides,Mucor circinelloides,Mucoraceae,Mucorales
56475,Antigone canadensis canadensis,m,a,A,18-Jan,long white hyphae fast growing,37,MBF seq,Mucor circinelloides,Mucor circinelloides,Mucoraceae,Mucorales
56374,Antigone canadensis canadensis,m,a,A,18-Jan,long grey hyphae fast growing,29,MBF seq,Mucor irregularis,Mucor irregularis,Mucoraceae,Mucorales
56465,Antigone canadensis tabida,m,third_year,A,2-Mar,black slow growing,30,MBF seq,Mycocalicium victoriae,Mycocalicium victoriae,Mycocaliciaceae,Mycocaliciales
56370,Antigone canadensis tabida,m,a,B,25-Jan,black-pinkish-brown slow growing fuzz,5,Genewiz seq,Myrmecridium schulzeri,Myrmecridium schulzeri,incertae sedis,incertae sedis
56461,Antigone canadensis tabida,m,a,C,21-Jan,whitish cream yeast,27,MBF seq,Papiliotrema flavescens,Papiliotrema flavescens,Tremellaceae,Tremellales
56341,Antigone canadensis tabida,f,a,B,21-Jan,lighter blueish green hyphae slow growing,23,,Penicillium sp. 1,Penicillium sp. 1,Trichocomaceae,Eurotiales
56357,Antigone canadensis tabida,f,a,A,19-Jan,light bluish green with white hyphae,23,MBF seq,Penicillium sp. 1,Penicillium sp. 1,Trichocomaceae,Eurotiales
56375,Antigone canadensis canadensis,,,A,21-Jan,dark bluish green with white hyphae,23,MBF seq,Penicillium sp. 1,Penicillium sp. 1,Trichocomaceae,Eurotiales
56391,Antigone canadensis canadensis,f,i,A,25-Jan,blueish-green hyphae,23,MBF seq,Penicillium sp. 1,Penicillium sp. 1,Trichocomaceae,Eurotiales
56435,Antigone canadensis tabida,m,i,A,21-Jan,dark bluish green with white hyphae,23,MBF seq,Penicillium sp. 1,Penicillium sp. 1,Trichocomaceae,Eurotiales
56467,Antigone canadensis tabida,m,a,C,19-Jan,unifrom blue green small roundish colonies covering plate,23,MBF seq,Penicillium sp. 1 (griseofulvum/dipodomyicola),Penicillium sp. 1,Trichocomaceae,Eurotiales
56478,Antigone canadensis canadensis,,a,C,19-Jan,short yellowish white hyphae on margins of blue gray colony,23,MBF seq,Penicillium sp. 1 (polonicum/allii),Penicillium sp. 1,Trichocomaceae,Eurotiales
56431,Antigone canadensis tabida,m,a,D,28-Jan,green with yellow margin,21,MBF seq,Penicillium sp. 2,Penicillium sp. 2,Trichocomaceae,Eurotiales
56431,Antigone canadensis tabida,m,a,B,25-Jan,green with yellow margin,21,,Penicillium sp. 2,Penicillium sp. 2,Trichocomaceae,Eurotiales
56345,Antigone canadensis tabida,f,a,C,21-Jan,lighter blueish green hyphae slow growing,21,MBF seq,Penicillium sp. 2 (Talaromyces pinophilus),Penicillium sp. 2,Trichocomaceae,Eurotiales
56400,Antigone canadensis canadensis,f,a,A,21-Jan,pink-white with lime green yellow on outside,21,MBF seq,Penicillium sp. 2 (Talaromyces pinophilus),Penicillium sp. 2,Trichocomaceae,Eurotiales
56419,Antigone canadensis tabida,m,i,D,25-Jan,lime green with white centerhyphae,21,MBF seq,Penicillium sp. 2 (Talaromyces pinophilus),Penicillium sp. 2,Trichocomaceae,Eurotiales
56419,Antigone canadensis tabida,m,i,A,19-Jan,lime green white hyphae slow growing on margins of penecilium colony,21,MBF seq,Penicillium sp. 2 (Talaromyces pinophilus),Penicillium sp. 2,Trichocomaceae,Eurotiales
56431,Antigone canadensis tabida,m,a,C,28-Jan,green with yellow margin,21,MBF seq,Penicillium sp. 2 (Talaromyces pinophilus),Penicillium sp. 2,Trichocomaceae,Eurotiales
56456,Antigone canadensis tabida,,a,B,19-Jan,light bluish green with white hyphae,21,MBF seq,Penicillium sp. 2 (Talaromyces pinophilus),Penicillium sp. 2,Trichocomaceae,Eurotiales
56334,Antigone canadensis tabida,m,a,D,19-Jan,cream with faint orange spores slow growing,31,,Penicillium sp. 3,Penicillium sp. 3,Trichocomaceae,Eurotiales
56363,Antigone canadensis tabida,f,a,B,19-Jan,dark bluish green grey with white hyphae irregular margin,31,MBF seq,Penicillium sp. 3,Penicillium sp. 3,Trichocomaceae,Eurotiales
56382,Antigone canadensis tabida,m,a,A,19-Jan,dark bluish green with white hyphae,31,MBF seq,Penicillium sp. 3,Penicillium sp. 3,Trichocomaceae,Eurotiales
56426,Antigone canadensis tabida,m,i,B,19-Jan,dark bluish green with white hyphae,31,MBF seq,Penicillium sp. 3,Penicillium sp. 3,Trichocomaceae,Eurotiales
56432,Antigone canadensis tabida,f,i,A,19-Jan,bluish green with white hyphae,31,MBF seq,Penicillium sp. 3,Penicillium sp. 3,Trichocomaceae,Eurotiales
56437,Antigone canadensis tabida,f,i,A,18-Jan,gray-green blue slow growing hyphae,31,MBF seq,Penicillium sp. 3,Penicillium sp. 3,Trichocomaceae,Eurotiales
56440,Antigone canadensis tabida,f,a,D,18-Jan,"white short hyphae with crem-yellow spores, slower growing",31,,Penicillium sp. 3,Penicillium sp. 3,Trichocomaceae,Eurotiales
56443,Antigone canadensis tabida,m,a,A,19-Jan,dark bluish green with white hyphae,31,MBF seq,Penicillium sp. 3,Penicillium sp. 3,Trichocomaceae,Eurotiales
56444,Antigone canadensis tabida,f,a,A,21-Jan,darker greenish-gray short hyphae slow-growing,31,MBF seq,Penicillium sp. 3,Penicillium sp. 3,Trichocomaceae,Eurotiales
56460,Antigone canadensis tabida,f,i,B,18-Jan,blue green short slow-growing fuzz,31,,Penicillium sp. 3,Penicillium sp. 3,Trichocomaceae,Eurotiales
56464,Antigone canadensis tabida,m,a,A,21-Jan,short white hyphae with cream yellow spores,31,,Penicillium sp. 3,Penicillium sp. 3,Trichocomaceae,Eurotiales
56472,Antigone canadensis tabida,f,sub_adult,A,19-Jan,dark bluish green with white hyphae,31,MBF seq,Penicillium sp. 3,Penicillium sp. 3,Trichocomaceae,Eurotiales
56363,Antigone canadensis tabida,f,a,C,21-Jan,short white slow growing fuzz; turned blue green with matted hyphae,31,MBF seq,Penicillium sp. 3?,Penicillium sp. 3,Trichocomaceae,Eurotiales
56360,Antigone canadensis tabida,f,a,C,25-Jan,lime green with blue gray center hyphae,19,MBF seq,Penicillium sp. 4 (minioluteus),Penicillium sp. 4,Trichocomaceae,Eurotiales
56334,Antigone canadensis tabida,m,a,B,19-Jan,dark bluish green with white hyphae,18,,Penicillium sp. 5,Penicillium sp. 5,Trichocomaceae,Eurotiales
56334,Antigone canadensis tabida,m,a,E,19-Jan,blueish-green hyphae,18,,Penicillium sp. 5,Penicillium sp. 5,Trichocomaceae,Eurotiales
56336,Antigone canadensis tabida,m,a,A,19-Jan,dark bluish green with white hyphae,18,,Penicillium sp. 5,Penicillium sp. 5,Trichocomaceae,Eurotiales
56356,Antigone canadensis tabida,m,i,B,18-Jan,blue green short slow-growing fuzz,18,,Penicillium sp. 5,Penicillium sp. 5,Trichocomaceae,Eurotiales
56357,Antigone canadensis tabida,f,a,B,19-Jan,dark bluish green with white hyphae,18,,Penicillium sp. 5,Penicillium sp. 5,Trichocomaceae,Eurotiales
56358,Antigone canadensis tabida,f,a,A,18-Jan,blue green short slow-growing fuzz,18,,Penicillium sp. 5,Penicillium sp. 5,Trichocomaceae,Eurotiales
56361,Antigone canadensis tabida,f,a,A,19-Jan,dark bluish green with white hyphae,18,,Penicillium sp. 5,Penicillium sp. 5,Trichocomaceae,Eurotiales
56376,Antigone canadensis tabida,f,a,A,19-Jan,dark bluish green with white hyphae,18,,Penicillium sp. 5,Penicillium sp. 5,Trichocomaceae,Eurotiales
56379,Antigone canadensis tabida,m,a,A,19-Jan,dark bluish green with white hyphae,18,,Penicillium sp. 5,Penicillium sp. 5,Trichocomaceae,Eurotiales
56380,Antigone canadensis tabida,m,i,A,19-Jan,dark bluish green with white hyphae,18,,Penicillium sp. 5,Penicillium sp. 5,Trichocomaceae,Eurotiales
56386,Antigone canadensis tabida,f,a,A,19-Jan,dark bluish green with white hyphae,18,,Penicillium sp. 5,Penicillium sp. 5,Trichocomaceae,Eurotiales
56394,Antigone canadensis tabida,m,a,B,21-Jan,dark brownish gray short hyphae white margin slow growing,18,MBF seq,Penicillium sp. 5,Penicillium sp. 5,Trichocomaceae,Eurotiales
56399,Antigone canadensis tabida,m,a,A,19-Jan,dark bluish green with white hyphae,18,,Penicillium sp. 5,Penicillium sp. 5,Trichocomaceae,Eurotiales
56410,Antigone canadensis tabida,,i,A,19-Jan,bluish green with white hyphae,18,,Penicillium sp. 5,Penicillium sp. 5,Trichocomaceae,Eurotiales
56412,Antigone canadensis tabida,,a,B,21-Jan,dark blueish green hyphae slow growing,18,,Penicillium sp. 5,Penicillium sp. 5,Trichocomaceae,Eurotiales
56413,Antigone canadensis tabida,m,a,A,19-Jan,light bluish green with white hyphae,18,,Penicillium sp. 5,Penicillium sp. 5,Trichocomaceae,Eurotiales
56413,Antigone canadensis tabida,m,a,C,19-Jan,dark bluish green with white hyphae,18,,Penicillium sp. 5,Penicillium sp. 5,Trichocomaceae,Eurotiales
56415,Antigone canadensis tabida,m,i,A,21-Jan,greenish-gray short hyphae slow-growing,18,,Penicillium sp. 5,Penicillium sp. 5,Trichocomaceae,Eurotiales
56416,Antigone canadensis tabida,m,i,A,18-Jan,blue green short slow-growing fuzz,18,,Penicillium sp. 5,Penicillium sp. 5,Trichocomaceae,Eurotiales
56416,Antigone canadensis tabida,m,i,B,18-Jan,blue green short slow-growing fuzz,18,,Penicillium sp. 5,Penicillium sp. 5,Trichocomaceae,Eurotiales
56417,Antigone canadensis tabida,f,i,A,19-Jan,dark bluish green with white hyphae,18,,Penicillium sp. 5,Penicillium sp. 5,Trichocomaceae,Eurotiales
56419,Antigone canadensis tabida,m,i,C,19-Jan,dark bluish green with white hyphae,18,,Penicillium sp. 5,Penicillium sp. 5,Trichocomaceae,Eurotiales
56421,Antigone canadensis tabida,f,a,B,19-Jan,dark bluish green with white hyphae,18,,Penicillium sp. 5,Penicillium sp. 5,Trichocomaceae,Eurotiales
56428,Antigone canadensis tabida,f,i,A,18-Jan,blue green short slow-growing fuzz,18,,Penicillium sp. 5,Penicillium sp. 5,Trichocomaceae,Eurotiales
56429,Antigone canadensis tabida,f,i,A,19-Jan,dark bluish green with white hyphae,18,,Penicillium sp. 5,Penicillium sp. 5,Trichocomaceae,Eurotiales
56430,Antigone canadensis tabida,,i,B,18-Jan,blue green short slow-growing fuzz,18,,Penicillium sp. 5,Penicillium sp. 5,Trichocomaceae,Eurotiales
56445,Antigone canadensis tabida,f,i,B,19-Jan,blueish-green hyphae,18,,Penicillium sp. 5,Penicillium sp. 5,Trichocomaceae,Eurotiales
56447,Antigone canadensis tabida,f,i,A,19-Jan,dark bluish green with white hyphae,18,,Penicillium sp. 5,Penicillium sp. 5,Trichocomaceae,Eurotiales
56448,Antigone canadensis tabida,m,a,A,21-Jan,greenish-gray short hyphae slow-growing,18,,Penicillium sp. 5,Penicillium sp. 5,Trichocomaceae,Eurotiales
56449,Antigone canadensis tabida,f,a,A,21-Jan,dark bluish green with white hyphae,18,,Penicillium sp. 5,Penicillium sp. 5,Trichocomaceae,Eurotiales
56449,Antigone canadensis tabida,f,a,B,21-Jan,dark bluish green with white hyphae,18,,Penicillium sp. 5,Penicillium sp. 5,Trichocomaceae,Eurotiales
56452,Antigone canadensis canadensis,f,a,B,21-Jan,short green gray hyphae slower growing,18,,Penicillium sp. 5,Penicillium sp. 5,Trichocomaceae,Eurotiales
56455,Antigone canadensis tabida,f,a,C,18-Jan,blue grey short hyphae slow growing thin white outer margin,18,,Penicillium sp. 5,Penicillium sp. 5,Trichocomaceae,Eurotiales
56457,Antigone canadensis tabida,f,a,A,25-Jan,gray-green hyphae slow growing,18,,Penicillium sp. 5,Penicillium sp. 5,Trichocomaceae,Eurotiales
56462,Antigone canadensis tabida,m,a,A,19-Jan,short white hyphae surrounding bluish green colony,18,,Penicillium sp. 5,Penicillium sp. 5,Trichocomaceae,Eurotiales
56467,Antigone canadensis tabida,m,a,A,19-Jan,dark bluish green with white hyphae,18,,Penicillium sp. 5,Penicillium sp. 5,Trichocomaceae,Eurotiales
56469,Antigone canadensis tabida,m,a,B,18-Jan,blueish-green hyphae,18,,Penicillium sp. 5,Penicillium sp. 5,Trichocomaceae,Eurotiales
56471,Antigone canadensis tabida,m,a,A,19-Jan,dark bluish green with white hyphae,18,,Penicillium sp. 5,Penicillium sp. 5,Trichocomaceae,Eurotiales
56472,Antigone canadensis tabida,f,sub_adult,B,19-Jan,bluish green with white hyphae,18,,Penicillium sp. 5,Penicillium sp. 5,Trichocomaceae,Eurotiales
56472,Antigone canadensis tabida,f,sub_adult,D,19-Jan,dark bluish green with white hyphae,18,,Penicillium sp. 5,Penicillium sp. 5,Trichocomaceae,Eurotiales
56473,Antigone canadensis tabida,m,a,A,19-Jan,dark bluish green with white hyphae,18,,Penicillium sp. 5,Penicillium sp. 5,Trichocomaceae,Eurotiales
56340,Antigone canadensis canadensis,m,first_winter,D,22-Jan,dark bluish green with white hyphae,18,MBF seq,Penicillium sp. 5 (Talaromyces purpureogenus),Penicillium sp. 5,Trichocomaceae,Eurotiales
56394,Antigone canadensis tabida,m,a,A,21-Jan,dark bluish green with white hyphae,18,MBF seq,Penicillium sp. 5 (Talaromyces purpureogenus),Penicillium sp. 5,Trichocomaceae,Eurotiales
56434,Antigone canadensis tabida,,a,B,19-Jan,orangish-white hyphae slow growing,18,MBF seq,Penicillium sp. 5 (Talaromyces purpureogenus),Penicillium sp. 5,Trichocomaceae,Eurotiales
56368,Antigone canadensis tabida,m,a,B,19-Jan,pinkish-white-orange hyphae slow growing,18,MBF seq,Penicillium sp. 5 (Talaromyces sp.),Penicillium sp. 5,Trichocomaceae,Eurotiales
56383,Antigone canadensis tabida,f,a,B,21-Jan,light blueish green hyphae slow growing,25,MBF seq,Penicillium sp. 6,Penicillium sp. 6,Trichocomaceae,Eurotiales
56355,Antigone canadensis tabida,f,a,A,21-Jan,grey-brown slow growing sheet with small lighter colored circles,17,MBF seq,Phoma betae,Phoma sp. 1,Didymellaceae,Pleosporales
56440,Antigone canadensis tabida,f,a,F,19-Jan,"short white-pink hyphae,light brown green to yellowish brown to white/pink outer margin",32,MBF seq,Phoma sp. 2 (medicaginis),Phoma sp. 2 ,Didymellaceae,Pleosporales
56331,Antigone canadensis tabida,m,a,D,25-Jan,light gray hyphae/spores slow growing raised colony,2,Genewiz seq,Rhinocladiella sp.,Rhinocladiella sp.,Herpotrichiellaceae,Chaetothyriales
56392,Antigone canadensis tabida,m,a,A,2-Feb,light gray hyphae/spores slow growing raised colony,2,MBF seq,Rhinocladiella sp.,Rhinocladiella sp.,Herpotrichiellaceae,Chaetothyriales
56392,Antigone canadensis tabida,m,a,B,2-Feb,dark grey hyphae/spores slow growing raised colony,2,MBF seq,Rhinocladiella sp.,Rhinocladiella sp.,Herpotrichiellaceae,Chaetothyriales
56334,Antigone canadensis tabida,m,a,C,19-Jan,longer filamentous white hyphae growing outside of penicillium-like colony,8,,Rhizopus oryzae,Rhizopus oryzae,Mucoraceae,Mucorales
56335,Antigone canadensis tabida,m,a,A,18-Jan,long white hyphae fast growing,8,,Rhizopus oryzae,Rhizopus oryzae,Mucoraceae,Mucorales
56337,Antigone canadensis tabida,m,a,A,18-Jan,white stringy fuzz reaching top of plate fast growing,8,,Rhizopus oryzae,Rhizopus oryzae,Mucoraceae,Mucorales
56338,Antigone canadensis tabida,f,i,A,18-Jan,long white hyphae with black spores fast growing,8,,Rhizopus oryzae,Rhizopus oryzae,Mucoraceae,Mucorales
56342,Antigone canadensis tabida,f,first_winter,A,25-Jan,long white hyphae with black spores fast growing,8,,Rhizopus oryzae,Rhizopus oryzae,Mucoraceae,Mucorales
56343,Antigone canadensis tabida,m,i,A,18-Jan,long white hyphae with grey spores fast growing,8,,Rhizopus oryzae,Rhizopus oryzae,Mucoraceae,Mucorales
56346,Antigone canadensis tabida,m,a,A,18-Jan,long white hyphae fast growing,8,,Rhizopus oryzae,Rhizopus oryzae,Mucoraceae,Mucorales
56350,Antigone canadensis canadensis,m,i,A,18-Jan,white stringy fuzz reaching top of plate fast growing,8,,Rhizopus oryzae,Rhizopus oryzae,Mucoraceae,Mucorales
56351,Antigone canadensis tabida,m,first_winter,A,18-Jan,long white hyphae fast growing,8,,Rhizopus oryzae,Rhizopus oryzae,Mucoraceae,Mucorales
56352,Antigone canadensis tabida,m,a,A,18-Jan,white stringy fuzz reaching top of plate fast growing,8,,Rhizopus oryzae,Rhizopus oryzae,Mucoraceae,Mucorales
56353,Antigone canadensis tabida,f,a,A,18-Jan,white stringy fuzz reaching top of plate,8,,Rhizopus oryzae,Rhizopus oryzae,Mucoraceae,Mucorales
56354,Antigone canadensis tabida,m,i,A,18-Jan,long white hyphae with grey spores fast growing,8,,Rhizopus oryzae,Rhizopus oryzae,Mucoraceae,Mucorales
56356,Antigone canadensis tabida,m,i,A,18-Jan,long white hyphae with grey spores fast growing,8,,Rhizopus oryzae,Rhizopus oryzae,Mucoraceae,Mucorales
56362,Antigone canadensis tabida,m,first_winter,A,18-Jan,long white hyphae fast growing,8,,Rhizopus oryzae,Rhizopus oryzae,Mucoraceae,Mucorales
56365,Antigone canadensis tabida,m,a,A,18-Jan,long white hyphae with black spores fast growing,8,,Rhizopus oryzae,Rhizopus oryzae,Mucoraceae,Mucorales
56366,Antigone canadensis tabida,m,i,A,18-Jan,"intermediate gray white hyphae with gray spores, fast growing",8,,Rhizopus oryzae,Rhizopus oryzae,Mucoraceae,Mucorales
56367,Antigone canadensis canadensis,,,A,18-Jan,long white hyphae with black spores fast growing,8,,Rhizopus oryzae,Rhizopus oryzae,Mucoraceae,Mucorales
56368,Antigone canadensis tabida,m,a,C,18-Jan,"white stringy intermediate length fuzz, slow growing",8,,Rhizopus oryzae,Rhizopus oryzae,Mucoraceae,Mucorales
56374,Antigone canadensis canadensis,m,a,B,18-Jan,long white hyphae fast growing,8,,Rhizopus oryzae,Rhizopus oryzae,Mucoraceae,Mucorales
56377,Antigone canadensis tabida,m,i,A,18-Jan,long white hyphae with black spores fast growing,8,,Rhizopus oryzae,Rhizopus oryzae,Mucoraceae,Mucorales
56384,Antigone canadensis tabida,m,i,A,18-Jan,long white hyphae fast growing,8,,Rhizopus oryzae,Rhizopus oryzae,Mucoraceae,Mucorales
56385,Antigone canadensis tabida,,i,A,18-Jan,"white stringy intermediate length fuzz, slow growing",8,,Rhizopus oryzae,Rhizopus oryzae,Mucoraceae,Mucorales
56387,Antigone canadensis tabida,m,i,A,18-Jan,"white stringy intermediate length fuzz, slow growing",8,,Rhizopus oryzae,Rhizopus oryzae,Mucoraceae,Mucorales
56395,Antigone canadensis tabida,m,a,A,18-Jan,long white hyphae with black spores fast growing,8,,Rhizopus oryzae,Rhizopus oryzae,Mucoraceae,Mucorales
56397,Antigone canadensis tabida,m,i,A,18-Jan,white stringy fuzz reaching top of plate fast growing,8,,Rhizopus oryzae,Rhizopus oryzae,Mucoraceae,Mucorales
56398,Antigone canadensis tabida,m,a,A,18-Jan,white stringy fuzz reaching top of plate fast growing,8,,Rhizopus oryzae,Rhizopus oryzae,Mucoraceae,Mucorales
56401,Antigone canadensis tabida,f,a,A,18-Jan,white stringy fuzz reaching top of plate fast growing,8,,Rhizopus oryzae,Rhizopus oryzae,Mucoraceae,Mucorales
56403,Antigone canadensis tabida,m,a,A,18-Jan,white stringy fuzz reaching top of plate fast growing,8,,Rhizopus oryzae,Rhizopus oryzae,Mucoraceae,Mucorales
56404,Antigone canadensis tabida,f,a,A,18-Jan,long white hyphae fast growing,8,,Rhizopus oryzae,Rhizopus oryzae,Mucoraceae,Mucorales
56409,Antigone canadensis tabida,f,a,A,18-Jan,"white stringy intermediate length fuzz, slow growing",8,,Rhizopus oryzae,Rhizopus oryzae,Mucoraceae,Mucorales
56411,Antigone canadensis tabida,m,i,A,18-Jan,intermediate length white hyphae moderately fast growing,8,,Rhizopus oryzae,Rhizopus oryzae,Mucoraceae,Mucorales
56414,Antigone canadensis tabida,m,a,A,18-Jan,long white hyphae fast growing,8,Genewiz seq,Rhizopus oryzae,Rhizopus oryzae,Mucoraceae,Mucorales
56418,Antigone canadensis canadensis,m,a,A,18-Jan,long white hyphae fast growing,8,,Rhizopus oryzae,Rhizopus oryzae,Mucoraceae,Mucorales
56420,Antigone canadensis tabida,f,a,A,18-Jan,long white hyphae fast growing,8,,Rhizopus oryzae,Rhizopus oryzae,Mucoraceae,Mucorales
56422,Antigone canadensis tabida,m,a,A,18-Jan,long white hyphae with black spores fast growing,8,Genewiz seq,Rhizopus oryzae,Rhizopus oryzae,Mucoraceae,Mucorales
56425,Antigone canadensis tabida,f,a,A,25-Jan,long white hyphae with black spores fast growing,8,,Rhizopus oryzae,Rhizopus oryzae,Mucoraceae,Mucorales
56427,Antigone canadensis tabida,m,i,B,18-Jan,"white stringy intermediate length fuzz, slow growing",8,,Rhizopus oryzae,Rhizopus oryzae,Mucoraceae,Mucorales
56428,Antigone canadensis tabida,f,i,B,18-Jan,long white hyphae with grey spores fast growing,8,,Rhizopus oryzae,Rhizopus oryzae,Mucoraceae,Mucorales
56437,Antigone canadensis tabida,f,i,B,18-Jan,long white hyphae fast growing,8,,Rhizopus oryzae,Rhizopus oryzae,Mucoraceae,Mucorales
56439,Antigone canadensis tabida,f,a,A,18-Jan,long white hyphae fast growing,8,,Rhizopus oryzae,Rhizopus oryzae,Mucoraceae,Mucorales
56450,Antigone canadensis tabida,f,a,A,18-Jan,long white hyphae with black spores fast growing,8,,Rhizopus oryzae,Rhizopus oryzae,Mucoraceae,Mucorales
56450,Antigone canadensis tabida,f,a,B,18-Jan,long white hyphae with black spores fast growing,8,,Rhizopus oryzae,Rhizopus oryzae,Mucoraceae,Mucorales
56466,Antigone canadensis tabida,f,a,A,18-Jan,long white hyphae fast growing,8,,Rhizopus oryzae,Rhizopus oryzae,Mucoraceae,Mucorales
56469,Antigone canadensis tabida,m,a,A,18-Jan,long white hyphae with grey spores fast growing,8,,Rhizopus oryzae,Rhizopus oryzae,Mucoraceae,Mucorales
56470,Antigone canadensis tabida,m,a,A,18-Jan,white stringy fuzz reaching top of plate fast growing,8,,Rhizopus oryzae,Rhizopus oryzae,Mucoraceae,Mucorales
56474,Antigone canadensis tabida,m,a,A,18-Jan,long white hyphae fast growing,8,,Rhizopus oryzae,Rhizopus oryzae,Mucoraceae,Mucorales
56462,Antigone canadensis tabida,m,a,B,21-Jan,pink/reddish yeast,39,MBF seq,Rhodotorula,Rhodotorula,Sporidiobolaceae,Sporidiobolales
56405,Antigone canadensis tabida,f,a,C,25-Jan,white hyphae,7,MBF seq,Tamaricicola muriformis,Tamaricicola muriformis,Pleosporaceae,Pleosporales
56406,Antigone canadensis canadensis,m,a,A,21-Jan,orange white short hyphae slow growing,7,Genewiz seq,Tamaricicola muriformis,Tamaricicola muriformis,Pleosporaceae,Pleosporales
56454,Antigone canadensis canadensis,f,a,A,2-Feb,dark brown hyphae,10,Genewiz seq,Uncultured Dothidiomycetes (Pleosporales),Dothidiomycetes (Pleosporales),,Pleosporales